"id","submitdate","lastpage","startlanguage","seed","startdate","datestamp","refurl","Q00PARTICIPANT","Q00EXPE","Q00LIEU","Q00QUEST","QMIQ0A","QMIQ02[QMI01]","QMIQ02[QMI02]","QMIQ02[QMI03]","QMIQ02[QMI04]","QMIQ02[QMI05]","QMIQ03[QMI06]","QMIQ03[QMI07]","QMIQ03[QMI08]","QMIQ03[QMI09]","QMIQ03[QMI10]","QMIQ04[QMI11]","QMIQ04[QMI12]","QMIQ04[QMI13]","QMIQ04[QMI14]","QMIQ04[QMI15]","QMIQ05[QMI16]","QMIQ05[QMI17]","QMIQ05[QMI18]","QMIQ05[QMI19]","QMIQ05[QMI20]","QMIQ06[QMI21]","QMIQ06[QMI22]","QMIQ06[QMI23]","QMIQ06[QMI24]","QMIQ06[QMI25]","QMIQ07[QMI26]","QMIQ07[QMI27]","QMIQ07[QMI28]","QMIQ07[QMI29]","QMIQ07[QMI30]","QMIQ08[QMI31]","QMIQ08[QMI32]","QMIQ08[QMI33]","QMIQ08[QMI34]","QMIQ08[QMI35]","Q01Language","Q01Language[comment]","Q02Age","Q03Sex","Q03Sex[comment]","Q04Trouble","Q04Vision","Q04Vision[comment]","Q05Aphant","Q05Aphant[comment]","Q06Aphant","Q06Aphant[comment]","Q07Unvoluntary","Q07Unvoluntary[comment]","Q08Change","Q08Change[comment]","Q09Debrief","Q10Debrief","Q11Debrief","Q11","Q11[comment]","interviewtime","groupTime5559","Q00PARTICIPANTTime","Q00EXPETime","Q00LIEUTime","Q00QUESTTime","groupTime5036","QMIQ0ATime","QMIQ02Time","QMIQ03Time","QMIQ04Time","QMIQ05Time","QMIQ06Time","QMIQ07Time","QMIQ08Time","groupTime4906","Q01LanguageTime","Q02AgeTime","Q03SexTime","Q04TroubleTime","Q04VisionTime","Q05AphantTime","Q06AphantTime","Q07UnvoluntaryTime","Q08ChangeTime","groupTime5625","Q09DebriefTime","Q10DebriefTime","Q11DebriefTime","Q11Time"
"10","2022-03-29 07:45:36","4","fr","1722593622","2022-03-29 07:38:12","2022-03-29 07:45:36","","QMI_S001","KAY","","N","OK","07","07","04","06","06","05","05","06","03","07","06","07","04","05","06","07","04","06","07","06","05","04","05","04","07","06","02","03","07","04","07","02","05","04","05","01","","19","01","","N","01","","N","","N","","Y","","N","","oui","non","non","Y","","445.97","28.57","","","","","229.6","","","","","","","","","88.91","","","","","","","","","","98.89","","","",""
"11","2022-03-29 09:48:38","4","fr","187969659","2022-03-29 09:41:13","2022-03-29 09:48:38","","S002","KAY","","N","OK","06","05","06","07","05","03","05","06","05","06","06","05","06","06","07","04","03","06","05","04","05","04","06","06","06","05","05","03","04","05","05","06","04","03","04","01","","18","01","","N","02","","Y","Une camarade de classe m'a faite part de sa non représentation d'une pomme par exemple. Du fait qu'elle n'arrivait pas à se l'imaginer.","Y","","Y","","N","","Oui très claire","On chercge ici à mesurer la représentation mentale de stimulus et le degré de dilutation de notre pupille quand nous y sommes confrontés","La faim","Y","","446.06","35.43","","","","","205.19","","","","","","","","","128.14","","","","","","","","","","77.3","","","",""
"13","2022-03-29 12:53:38","4","fr","1988155263","2022-03-29 12:45:30","2022-03-29 12:53:38","","S003","KAY","","N","OK","06","04","03","05","07","06","07","07","04","07","05","05","02","07","06","05","06","03","05","06","07","05","05","05","07","07","05","06","07","07","03","05","07","03","05","01","","24","01","","N","01","","N","","N","","Y","","N","","Oui","Non","Oui, lorsque un triangle de couleur noire était présenté après plusieurs de couleur blanche, il était plus difficile de l'imaginer.","Y","","488.96","62","","","","","234.33","","","","","","","","","108.93","","","","","","","","","","83.7","","","",""
"14","2022-03-29 13:55:24","4","fr","9686927","2022-03-29 13:49:19","2022-03-29 13:55:24","","S004","KAY","","N","OK","07","07","06","07","07","07","07","06","04","07","04","07","05","07","07","07","07","06","07","07","04","05","06","04","07","06","06","07","07","07","07","07","06","07","06","01","","20","01","","N","02","","Y","","N","","Y","","Y","","oui","pas spécialement. peut-etre l'aspect de la pupille dès lors qu'elle doit se souvenir/imaginer un objet","non","Y","","367.1","25.74","","","","","167.25","","","","","","","","","91.84","","","","","","","","","","82.27","","","",""
"15","2022-03-29 14:51:26","4","fr","894089157","2022-03-29 14:43:32","2022-03-29 14:51:25","","S005","KAY","","N","OK","05","05","06","06","04","04","05","05","05","05","06","05","07","06","05","06","04","05","05","05","05","03","04","04","04","05","05","07","06","05","05","03","03","04","03","01","","22","01","","N","02","","N","","N","","Y","","N","","oui","","non","Y","","474.52","15.34","","","","","238.08","","","","","","","","","110.1","","","","","","","","","","111","","","",""
"16","2022-03-30 07:42:47","4","fr","1216939600","2022-03-30 07:33:31","2022-03-30 07:42:47","","S006","KAY","","N","OK","05","02","01","05","05","04","03","04","01","04","05","02","05","05","05","04","04","04","04","04","05","05","04","04","05","04","03","04","04","02","03","05","03","03","03","01","","22","01","","N","02","je porte des lunettes de repos","Y","","N","","Y","","N","","oui","oui, la qualité de l'image mentale dépend de la brillance de l'image","les images rémanentes, ma vision était trop concentré dessus alors je n'arrivais pas a m'imaginer quoique ce soit. Garder les yeux fixes sur un point me compliquait la tache aussi.","Y","","558.5","42.69","","","","","234.62","","","","","","","","","122.52","","","","","","","","","","158.67","","","",""
"18","2022-03-30 08:53:05","4","fr","514605252","2022-03-30 08:44:46","2022-03-30 08:53:05","","S007","KAY","","N","OK","05","05","04","06","05","05","04","04","03","05","05","05","05","04","05","05","05","05","06","05","05","05","04","04","05","05","04","04","05","05","05","06","05","06","05","01","","19","01","","N","01","","Y","","N","","Y","","N","","oui","non","non","Y","","501.99","15.76","","","","","321.77","","","","","","","","","105.5","","","","","","","","","","58.96","","","",""
"19","2022-03-30 09:53:03","4","fr","1697211095","2022-03-30 09:44:17","2022-03-30 09:53:03","","S008","KAY","","N","OK","04","06","05","06","04","03","05","05","06","05","04","03","04","06","05","06","06","06","07","06","06","05","05","05","05","04","05","03","05","03","04","05","05","04","03","01","","19","01","","N","02","","Y","Rapidement en cours","N","","Y","","N","","oui","oui, l'impact de la visualisation mentale d'image sur la dilatation de la pupille ","oui, l'écran de  neige m'a angoissé","Y","","527.42","27.06","","","","","226.27","","","","","","","","","133.34","","","","","","","","","","140.75","","","",""
"20","2022-03-30 10:47:04","4","fr","1689694392","2022-03-30 10:44:12","2022-03-30 10:47:04","","S009","KAY","","Y","","","","","","","","","","","","","","","","","","","","","","","","","","","","","","","","","","","","","","","","","","","","","","","","","","","","","Oui","Aucune idée","Non pas particulièrement","Y","","171.77","13.36","","","","","","","","","","","","","","","","","","","","","","","","158.41","","","",""
"21","2022-03-30 12:36:14","4","fr","1798399984","2022-03-30 12:28:41","2022-03-30 12:36:14","","S010","KAY","","N","OK","04","03","01","07","07","07","01","04","06","07","03","05","07","07","06","06","06","06","06","06","01","04","06","02","05","04","04","01","05","02","05","06","03","07","07","01","","19","01","","N","01","","Y","","N","","Y","","Y","mes rêveries sont devenues moins abstraites avec le temps","oui","non","non","Y","","455.06","12.75","","","","","251.23","","","","","","","","","166.87","","","","","","","","","","24.21","","","",""
"22","2022-03-30 13:46:21","4","fr","1450940533","2022-03-30 13:42:52","2022-03-30 13:46:21","","S011","KAY","","Y","","","","","","","","","","","","","","","","","","","","","","","","","","","","","","","","","","","","","","","","","","","","","","","","","","","","","Oui tout était clair. ","C'est peut-être plus facile de se représenter le noir que le blanc. Et aussi, peut-etre voir si on se représente la forme avant la couleur ou la couleur avant la forme, si les deux sont indépendants ou traités de façon simultanée. ","Je me suis étouffée a la fin (désolé)","Y","","210.33","28.44","","","","","","","","","","","","","","","","","","","","","","","","181.89","","","",""
"23","2022-03-30 14:56:01","4","fr","2086773337","2022-03-30 14:31:17","2022-03-30 14:56:01","","S012","KAY","","N","OK","07","07","07","07","06","06","05","07","07","05","06","06","04","04","05","06","04","06","07","06","06","06","06","07","05","06","06","07","07","07","06","06","06","06","06","01","","21","01","","N","01","","N","","N","","Y","","Y","","Oui","La vivacité de l'image mentale varie en fonction de la présentation de la neige (pigmentation).
La vivacité de l'image mentale varie en fonction de la capacité à maintenir son regard.","Le fait de devoir fixer la croix qui disparait perturbe","Y","","1484.24","56.79","","","","","603.09","","","","","","","","","476.07","","","","","","","","","","348.29","","","",""
"24","2022-03-30 15:45:07","4","fr","765199754","2022-03-30 15:39:08","2022-03-30 15:45:07","","S013","KAY","","N","OK","04","05","03","05","04","05","06","05","07","07","04","06","03","03","03","05","05","04","04","05","03","05","05","05","06","03","05","04","05","04","04","05","05","06","07","01","","20","01","","N","02","","N","","N","","Y","","N","","oui","non","non","Y","","359.19","20.82","","","","","220.51","","","","","","","","","60.12","","","","","","","","","","57.74","","","",""
"25","2022-03-31 07:17:35","4","fr","973291732","2022-03-31 07:16:03","2022-03-31 07:17:35","","P001BR","PEARS","LABO","Y","","","","","","","","","","","","","","","","","","","","","","","","","","","","","","","","","","","","","","","","","","","","","","","","","","","","","Oui","Non","je sais pas","Y","","92.86","27.24","","","","","","","","","","","","","","","","","","","","","","","","65.62","","","",""
"26","2022-03-31 08:27:00","4","fr","","2022-03-31 08:23:00","2022-03-31 08:27:00","https://run.pavlovia.org/","P003BR","PEARS","LABO","N","OK","07","07","07","06","07","05","06","07","05","05","06","06","05","05","06","07","06","07","07","06","07","07","06","06","07","07","06","05","05","06","07","07","06","07","06","01","","20","01","","N","01","","N","","N","","Y","","N","","oui","","","N","","280.69","37.03","","","","","166.3","","","","","","","","","49.78","","","","","","","","","","27.58","","","",""
"27","2022-03-31 09:10:47","4","fr","2078881936","2022-03-31 09:02:29","2022-03-31 09:10:47","https://run.pavlovia.org/","P004BR","PEARS","LABO","N","OK","06","05","05","06","06","07","06","07","04","05","05","07","05","05","05","05","04","04","04","05","04","05","04","05","05","04","02","02","04","04","05","05","05","04","04","01","","37","01","","N","02","","N","","N","","Y","","N","","MOUI...","NON","OUI, J'AVAIS L'IMPRESSION DE PLUS VOIR DE LIGNES BLEUES VERTICALES. J'ESSAYAIS DONC DE ME CONCENTRER SUR LES LIGNES ROUGES ET HORIZONTALES","N","","497.72","27.91","","","","","260.03","","","","","","","","","82.47","","","","","","","","","","127.31","","","",""
"28","2022-03-31 09:39:53","4","fr","17056521","2022-03-31 09:33:03","2022-03-31 09:39:53","https://run.pavlovia.org/","P005BR","PEARS","LABO","N","OK","06","06","06","06","06","04","06","06","05","06","04","06","05","06","04","05","04","06","06","05","05","05","06","04","06","03","03","04","03","03","05","05","05","04","04","01","","22","01","","N","02","","N","","N","","Y","","N","","Oui","Non","Non","N","","412.38","29.2","","","","","243.69","","","","","","","","","87.76","","","","","","","","","","51.73","","","",""
"29","2022-03-31 10:09:25","4","fr","217505346","2022-03-31 10:02:17","2022-03-31 10:09:25","https://run.pavlovia.org/","P006BR","PEARS","LABO","N","OK","06","06","07","07","03","05","06","06","07","07","07","07","06","05","04","06","02","06","06","05","07","07","07","07","07","06","06","05","07","06","03","05","05","03","05","01","","21","01","","Y","02","","N","","N","","Y","","N","","OUI ASSEZ CLAIRE ","LES IMAGES VUES AVEC L OEIL DOMINANT EN 3D SERONT IMAGINEES PLUS FACILEMENT ET INFLUENCERONT LA PERCEPTION ","NON","Y","c.manon.26@hotmail.fr","428.77","47.38","","","","","240.88","","","","","","","","","61.95","","","","","","","","","","78.56","","","",""
"30","2022-03-31 11:47:48","4","fr","1727497707","2022-03-31 11:39:06","2022-03-31 11:47:48","https://run.pavlovia.org/","P007BR","PEARS","LABO","N","OK","05","05","03","05","05","04","03","03","04","03","05","04","03","04","03","05","05","05","05","05","03","05","04","03","03","04","03","02","02","01","05","03","05","03","03","01","","20","01","","N","01","","N","","N","","FORGT","","N","","Oui","Non","Non","Y","","522.13","24.95","","","","","329.9","","","","","","","","","62.18","","","","","","","","","","105.1","","","",""
"31","2022-03-31 12:20:55","4","fr","263619907","2022-03-31 12:18:12","2022-03-31 12:20:55","https://run.pavlovia.org/","P008BR","PEARS","LABO","Y","","","","","","","","","","","","","","","","","","","","","","","","","","","","","","","","","","","","","","","","","","","","","","","","","","","","","Oui ","La couleur que l'on doit imaginer lorsque qu'on voit C ou R va influencer sur la couleur que l'on va voir saillante après.","Non aucun","Y","","164.34","36.43","","","","","","","","","","","","","","","","","","","","","","","","127.91","","","",""
"32","2022-03-31 12:59:28","4","fr","1366436644","2022-03-31 12:50:14","2022-03-31 12:59:28","https://run.pavlovia.org/","P009BR","PEARS","LABO","N","OK","04","05","02","05","05","06","05","04","03","05","05","05","06","06","06","04","05","06","05","05","04","04","04","02","05","03","04","05","06","06","05","05","04","05","05","01","","20","01","","N","02","","Y","Dans une vidéo youtube.","N","","Y","","N","","oui","Peut être que l'imagination a une influence sur la perception.","non","Y","","554.55","40.14","","","","","290.31","","","","","","","","","107.08","","","","","","","","","","117.02","","","",""
"33","2022-03-31 13:34:53","4","fr","1537163440","2022-03-31 13:27:56","2022-03-31 13:34:53","https://run.pavlovia.org/","P010PR","PEARS","OL","N","OK","05","03","06","07","07","06","07","07","03","07","06","07","07","07","07","06","07","07","07","07","07","07","07","05","06","03","04","06","05","07","07","07","05","07","07","01","","20","01","","N","03","","Y","","N","","Y","","N","","OUI","NON","NON","Y","","419.17","30.46","","","","","227.49","","","","","","","","","110.55","","","","","","","","","","50.67","","","",""
"34","2022-03-31 14:05:44","4","fr","536780572","2022-03-31 14:01:13","2022-03-31 14:05:44","https://run.pavlovia.org/","P011BR","PEARS","LABO","N","OK","06","06","05","05","05","05","06","06","05","07","06","07","07","06","06","07","05","06","06","06","05","05","06","05","07","05","06","06","07","05","07","07","06","07","05","01","","20","01","","N","01","","N","","N","","Y","","Y","","Oui","Non ","Non","Y","","272.5","34.44","","","","","147.9","","","","","","","","","64.57","","","","","","","","","","25.59","","","",""
"35","2022-03-31 14:48:36","4","fr","1757536032","2022-03-31 14:39:30","2022-03-31 14:48:36","https://run.pavlovia.org/","P012BR","PEARS","LABO","N","OK","06","06","05","05","04","05","05","04","03","04","05","05","04","05","04","03","03","04","04","04","04","05","04","04","05","05","04","03","04","04","04","04","05","05","04","03","berbère","35","01","","N","02","","N","","N","","Y","","N","","oui","non","non","Y","","546.88","45.1","","","","","378.09","","","","","","","","","90.61","","","","","","","","","","33.08","","","",""
"36","2022-03-31 15:47:19","4","fr","878123270","2022-03-31 15:39:19","2022-03-31 15:47:19","https://run.pavlovia.org/","P014BR","PEARS","LABO","N","OK","07","06","06","07","06","05","05","06","06","06","06","06","06","06","07","06","05","06","06","06","06","06","06","06","07","05","05","06","06","06","07","05","05","06","07","01","et turc","21","02","","N","01","","Y","","N","","Y","","Y","","Oui","Non","non","Y","","481.28","50.43","","","","","169.08","","","","","","","","","136.75","","","","","","","","","","125.02","","","",""
"37","2022-04-01 07:49:48","4","fr","1579435108","2022-04-01 07:42:34","2022-04-01 07:49:48","","S014","KAY","","N","OK","05","06","06","05","05","07","07","03","03","05","07","07","07","07","05","07","05","07","07","04","07","04","07","07","07","05","06","07","07","04","04","04","03","06","06","01","","19","01","","N","02","","N","","Y","","Y","","N","","Oui ","Non","Non","Y","","434.2","16.13","","","","","283.92","","","","","","","","","86.1","","","","","","","","","","48.05","","","",""
"38","2022-04-01 08:43:47","4","fr","916398122","2022-04-01 08:35:05","2022-04-01 08:43:47","","S015","KAY","","N","OK","05","05","06","07","07","05","02","04","05","05","03","04","05","02","05","06","04","06","06","05","02","03","05","03","02","02","02","03","02","01","05","06","03","07","01","01","","18","01","","N","01","arrive de faire des migraines ophtalmiques","Y","","Y","","Y","","N","","oui","oui, comparer des personnes ""normale"" avec des personnes aphantasiques.","non","Y","","523.52","21.01","","","","","258.18","","","","","","","","","152.58","","","","","","","","","","91.75","","","",""
"39","2022-04-01 09:53:07","4","fr","219396870","2022-04-01 09:39:27","2022-04-01 09:53:07","","S016","KAY","","N","OK","06","06","04","05","07","07","07","07","05","07","07","07","06","05","05","07","06","06","07","07","06","07","07","05","07","04","05","07","06","03","07","07","06","07","07","01","","24","01","","N","01","","N","","N","","Y","","N","","Oui","L'aphantasie joue sur notre manière d'imaginer les formes et couleurs, mais joue-t-elle sur notre vision d'imaginer et de voir les objets du quotidien, ainsi que les sensations ?","Non","Y","","822.07","13.06","","","","","305.57","","","","","","","","","215.64","","","","","","","","","","287.8","","","",""
"40","2022-04-01 12:50:35","4","fr","1288020314","2022-04-01 12:39:27","2022-04-01 12:50:35","","S017","KAY","","N","OK","07","07","07","07","06","07","07","07","07","07","05","05","06","07","07","05","05","07","07","07","07","07","07","05","07","07","03","07","07","07","07","07","06","07","07","01","","20","01","","N","02","","Y","il me semble que se sont des personnes qui n'arrivent pas à visualiser des images dans leur tête.","N","","Y","","Y","","oui","Il y a une différence de visualisation entre les personnes atteintes d'aphantasie visuelle et celle qui n'en sont pas atteinte.","le fait de ne pas pouvoir cligner des yeux","Y","","669.41","9.02","","","","","272.25","","","","","","","","","223.77","","","","","","","","","","164.37","","","",""
"41","2022-04-04 08:54:02","4","fr","1133472680","2022-04-04 08:44:17","2022-04-04 08:54:02","","S018","KAY","","N","OK","05","04","06","07","07","02","02","03","02","04","02","04","02","04","04","05","03","05","03","06","04","04","03","02","06","02","01","01","03","03","05","02","05","06","06","01","","21","01","","N","01","","N","","N","","NOSUR","","N","","Plutôt claire, quant aux objectifs de l'expérience.","La capacité a garder une forme bien précise des secondes après l'avoir vu.","Non.","Y","","587.24","15.53","","","","","274.09","","","","","","","","","94.3","","","","","","","","","","203.32","","","",""
"42","2022-04-04 10:47:20","4","fr","276818412","2022-04-04 10:37:50","2022-04-04 10:47:20","","S019","KAY","","N","OK","05","04","05","05","05","05","06","05","03","05","04","05","04","03","05","05","03","04","05","03","04","04","05","05","06","02","01","03","05","05","04","05","05","05","04","01","","18","01","","N","02","","Y","C'est avoir du mal à imaginer les choses dans sa tete ","N","","Y","","Y","","oui","la capicité de s'imaginer les choses dans notre tete","non","Y","","571.79","30.55","","","","","301.38","","","","","","","","","182.98","","","","","","","","","","56.88","","","",""
"43","2022-04-04 12:49:09","4","fr","2138491326","2022-04-04 12:37:14","2022-04-04 12:49:09","","S020","KAY","","N","OK","06","07","03","07","05","03","05","07","02","05","04","06","07","03","07","06","05","07","06","06","05","04","02","03","05","01","03","04","06","01","06","07","05","07","06","01","","18","02","","N","01","","N","","N","","Y","","N","","OUI","OUI, TAILLE DE LA RETiNE DIFFéRENTE selon l'intensité de la lumière que l'on imagine ","oui au début de l'expérience j'avais du mal avec l'image rémanente mais au bout de plusieurs essais j'ai réussi à m'aider des contour pour éclaircir ou noircir la zone en question selon la cosigne  ","Y","","716.05","13.84","","","","","304.65","","","","","","","","","196.49","","","","","","","","","","201.07","","","",""
"44","2022-04-05 07:44:11","4","fr","142025425","2022-04-05 07:33:44","2022-04-05 07:44:11","","S021","KAY","","N","OK","07","07","07","07","06","07","07","07","03","07","07","07","07","07","07","06","05","06","07","07","05","06","06","07","07","07","06","07","07","07","07","07","05","07","07","01","","19","01","","N","01","","N","","N","","Y","","N","","oui","je pense qu'on regarde comment les yeux bougent quand on imagine","non","Y","","628.88","34.77","","","","","298.72","","","","","","","","","178.98","","","","","","","","","","116.41","","","",""
"45","","0","fr","529586356","2022-04-05 08:22:17","2022-04-05 08:23:00","https://run.pavlovia.org/","","","","","","","","","","","","","","","","","","","","","","","","","","","","","","","","","","","","","","","","","","","","","","","","","","","","","","","","","","","","","","43.02","43.02","","","","","","","","","","","","","","","","","","","","","","","","","","","",""
"46","2022-04-05 09:00:30","4","fr","378247720","2022-04-05 08:49:54","2022-04-05 09:00:30","","S022","KAY","","N","OK","06","05","06","07","06","06","04","06","05","07","04","07","07","05","06","05","04","06","05","03","07","03","06","04","06","01","04","05","06","03","07","06","06","06","04","01","","19","01","","N","02","","Y","En cours de Questions actuelles en psychologie cognitive","N","","Y","","N","","Oui","Non","Quand il a fallu imaginé les applaudissements dans le questionnaire, des personnes ont applaudi à coté juste avant","Y","","637.14","10.29","","","","","398.98","","","","","","","","","99.48","","","","","","","","","","128.39","","","",""
"47","2022-04-05 09:51:05","4","fr","1562498554","2022-04-05 09:41:42","2022-04-05 09:51:05","","S023","KAY","","N","OK","05","06","04","07","06","06","07","07","03","07","02","07","05","03","04","06","02","03","07","05","03","03","03","02","05","06","02","06","06","05","07","03","06","07","05","01","","18","01","","N","01","","N","","N","","Y","","Y","Au fil des années elles sont de plus en plus apparues sous forme ""d'images"" dans mon esprit. ","Oui","Oui, peut-être mesurer à quel point notre imagerie se fait ? ","Oui, la première expérience avec l'effet ""neige"" qui faisait que c'était plus difficile de me concentrer sur la croix du milieu et donc, de visualiser le triangle du début","Y","","564.05","22.12","","","","","216.18","","","","","","","","","164.54","","","","","","","","","","161.21","","","",""
"48","2022-04-05 10:42:14","4","fr","1286989827","2022-04-05 10:35:45","2022-04-05 10:42:14","","S024","KAY","","N","OK","06","06","05","06","03","07","07","07","06","05","05","05","06","07","02","05","02","02","03","04","04","01","02","02","04","04","03","01","02","01","07","07","07","07","04","01","","20","01","","N","02","","N","","Y","","Y","","Y","","Oui","","","N","","390.37","22.57","","","","","192.28","","","","","","","","","103.91","","","","","","","","","","71.61","","","",""
"49","2022-04-05 12:59:22","4","fr","670685363","2022-04-05 12:52:19","2022-04-05 12:59:22","","S025","KAY","","N","OK","06","06","06","06","05","04","04","04","03","05","05","04","04","03","03","03","03","04","04","04","05","05","04","04","04","05","02","03","03","02","05","05","07","05","05","01","","20","01","","N","01","","Y","En cours","N","","Y","","N","","Oui","Non","","Y","","424.78","24.18","","","","","246.08","","","","","","","","","124.54","","","","","","","","","","29.98","","","",""
"50","2022-04-05 13:49:34","4","fr","1499152897","2022-04-05 13:41:49","2022-04-05 13:49:34","","S026","KAY","","N","OK","04","04","05","06","06","04","05","06","06","07","05","05","05","05","06","04","04","05","04","05","06","06","06","06","06","05","06","06","06","06","06","05","06","06","06","01","","22","01","","N","01","","N","","Y","","Y","","Y","","OUI","NON","NON","Y","","465.89","15.26","","","","","299.06","","","","","","","","","115.2","","","","","","","","","","36.37","","","",""
"51","2022-04-05 14:52:11","4","fr","1235152672","2022-04-05 14:37:23","2022-04-05 14:52:11","","S027","KAY","","N","OK","06","07","07","07","06","07","07","07","07","07","07","07","07","07","07","07","07","07","07","07","07","07","07","07","07","07","07","06","07","06","07","07","07","06","07","01","","19 ","01","","N","01","","Y","","N","","Y","","N","","oui ","je pense qu'en imaginant à la couleur ou la forme, notre pupille se dilaterait presque aussi bien que si on la verrait vraiment?","en tout cas j'y pensais pendant l'expérience donc je ne sais pas ce qui se serait passé dans un autre cas.","Y","","889.96","25.3","","","","","473.33","","","","","","","","","179.57","","","","","","","","","","211.76","","","",""
"52","2022-04-06 07:55:23","4","fr","728938927","2022-04-06 07:44:20","2022-04-06 07:55:23","","S028","KAY","","N","OK","06","06","05","06","04","06","05","05","06","05","03","04","03","04","04","05","03","04","04","04","05","05","02","03","04","05","04","04","05","04","06","06","04","06","05","01","","19","01","","N","02","","N","","N","","Y","","Y","","oui","L'étude de l'aphantasie.","Non","Y","","663.98","23.9","","","","","344.31","","","","","","","","","185.05","","","","","","","","","","110.72","","","",""
"53","2022-04-06 08:48:24","4","fr","495503078","2022-04-06 08:41:53","2022-04-06 08:48:24","","S029","KAY","","N","OK","06","05","05","06","05","06","06","06","04","05","03","05","05","05","04","05","04","06","06","05","05","05","04","03","06","03","05","05","05","01","03","05","02","04","04","01","","20","01","","N","01","","N","","Y","","Y","","N","","oui tres claire.","","non je ne pense pas.","Y","","393.5","24.67","","","","","188.54","","","","","","","","","112.61","","","","","","","","","","67.68","","","",""
"54","2022-04-06 09:51:20","4","fr","303767312","2022-04-06 09:45:05","2022-04-06 09:51:20","","S030","KAY","","N","OK","06","05","02","07","06","05","06","06","06","07","06","06","06","06","05","04","03","06","06","07","01","02","03","03","03","05","05","01","06","06","07","07","06","07","06","01","","20","01","","N","02","","N","","N","","FORGT","","N","","oui","non","non","Y","","375.5","18.46","","","","","228.92","","","","","","","","","83.55","","","","","","","","","","44.57","","","",""
"55","2022-04-06 10:52:14","4","fr","868544178","2022-04-06 10:44:16","2022-04-06 10:52:14","","S031","KAY","","N","OK","05","04","05","05","03","06","06","06","05","06","06","06","06","05","05","06","05","06","06","05","05","04","04","05","06","03","05","03","02","02","05","06","03","05","03","01","","19","01","","N","02","","N","","Y","","Y","","N","","OUI","NON","NON","Y","","479.36","48.58","","","","","318.03","","","","","","","","","62.11","","","","","","","","","","50.64","","","",""
"56","2022-04-06 12:45:33","4","fr","1428589301","2022-04-06 12:39:28","2022-04-06 12:45:33","","S032","KAY","","N","OK","06","06","05","06","05","05","06","05","04","06","06","06","05","04","05","05","06","05","06","05","06","06","07","06","06","06","04","03","05","05","06","05","06","06","06","01","","19","01","","N","02","","Y","","N","","Y","","Y","","OUI","non","non","Y","","365.88","32.42","","","","","190.91","","","","","","","","","95.11","","","","","","","","","","47.44","","","",""
"57","2022-04-06 13:49:56","4","fr","1784084645","2022-04-06 13:37:46","2022-04-06 13:49:56","","S033","KAY","","N","OK","05","05","06","06","05","04","04","03","03","05","05","06","05","04","05","05","03","04","05","04","05","04","05","06","06","03","04","05","06","05","04","05","03","05","05","01","","19","01","","N","02","","N","","N","Cela dépend de ce que je dois imaginer et de si mes yeux sont ouverts ou fermés.","Y","","N","","Oui , la procédure était très claire.","J'imagine que l'hypothèse est en rapport avec la taille de la pupille selon notre imagerie mentale. Je ne saurai pas préciser plus.","J'ai remarqué que j'avais du mal à m'imaginer les triangles quand il y a le bruit, que je dois rester concentrée sur la croix et que les ""mouches"" apparaissent. Je suis plus à l'aise quand je dois imaginer en fermant les yeux.","Y","","731.73","16.41","","","","","338.41","","","","","","","","","141.25","","","","","","","","","","235.66","","","",""
"58","2022-04-06 14:46:11","4","fr","1046860518","2022-04-06 14:34:59","2022-04-06 14:46:11","","S034","KAY","","N","OK","04","03","03","04","04","03","05","04","05","06","03","04","05","04","02","06","06","02","06","05","06","03","05","06","06","04","03","06","02","05","06","03","06","06","02","01","","20","01","","N","01","","Y","Mais je ne connaissais pas le nom.","N","","Y","","N","","Oui","Non","Lors de la deuxième expérience (KR), j'ai eu quelques fois l'impression de voir un autre triangle en image rémanente.
Lors de la troisième expérience, j'ai remarque un changement de luminosité du cercle. ","Y","","673.36","21.4","","","","","339.06","","","","","","","","","128.94","","","","","","","","","","183.96","","","",""
"59","2022-04-06 15:54:41","4","fr","136894281","2022-04-06 15:45:35","2022-04-06 15:54:41","","S035","KAY","","N","OK","05","04","06","07","04","06","06","06","05","07","07","07","04","05","05","04","04","05","05","04","05","05","05","06","06","04","04","05","06","06","07","07","04","07","06","01","","30","01","","N","02","","N","","N","","Y","","N","","Oui.","Non.","Non.","Y","","547.73","9.63","","","","","187.8","","","","","","","","","196.52","","","","","","","","","","153.78","","","",""
"60","2022-04-07 08:36:17","4","fr","755561836","2022-04-07 08:29:44","2022-04-07 08:36:17","https://run.pavlovia.org/","P015BR","PEARS","LABO","N","OK","07","07","05","07","07","07","07","07","05","07","05","07","07","07","07","07","07","07","07","07","07","06","07","07","07","06","05","07","07","05","07","07","06","07","07","01","","19","01","","N","01","","N","","N","","Y","","N","","OUI. ELLE A ETE CLAIRE ","NON. PAS D IDEE","NON","Y","","395.22","30.04","","","","","215.5","","","","","","","","","80.82","","","","","","","","","","68.86","","","",""
"61","2022-04-07 09:08:08","4","fr","1690669671","2022-04-07 09:00:00","2022-04-07 09:08:08","https://run.pavlovia.org/","P06BR","PEARS","LABO","N","OK","06","05","05","07","06","06","06","07","07","05","05","06","06","07","07","06","06","06","06","06","05","06","07","07","06","06","06","06","06","06","07","06","06","07","06","01","","20","01","","N","01","","N","","N","","Y","","Y","","OUI","COMMENT NOS PENSEES INFLUENCE NOTRE VISON","NON","Y","","488.42","57.97","","","","","282.4","","","","","","","","","91.92","","","","","","","","","","56.13","","","",""
"62","2022-04-07 10:16:20","4","fr","633593662","2022-04-07 10:08:22","2022-04-07 10:16:20","https://run.pavlovia.org/","P017BR","PEARS","LABO","N","OK","06","05","05","07","04","07","07","07","05","06","04","05","06","06","05","07","07","07","06","05","07","06","07","04","07","03","04","05","05","02","07","07","06","06","06","01","","20","01","","N","01","","N","","N","","Y","","N","","Oui","Non","Non","Y","","478.6","37.95","","","","","341.19","","","","","","","","","70.99","","","","","","","","","","28.47","","","",""
"63","2022-04-07 11:50:44","4","fr","585236680","2022-04-07 11:43:14","2022-04-07 11:50:44","https://run.pavlovia.org/","P018BR","PEARS","LABO","N","OK","05","07","07","07","07","03","03","02","01","01","05","05","01","04","04","06","02","07","07","07","05","02","02","01","04","04","06","06","07","02","05","06","06","07","06","01","","21","01","","N","01","","N","","N","","NOSUR","","N","","Plutôt les hypothèses oui.","D'être capable ou pas visualiser des formes imaginaires.","non","Y","","452.92","43.48","","","","","226.69","","","","","","","","","81.79","","","","","","","","","","100.96","","","",""
"64","2022-04-07 13:01:26","4","fr","341907095","2022-04-07 12:56:54","2022-04-07 13:01:26","https://run.pavlovia.org/","PO19BR","PEARS","LABO","N","OK","03","03","03","05","04","04","04","05","04","06","04","05","03","04","04","05","03","05","05","04","05","05","03","04","05","05","04","03","04","01","06","05","05","05","05","01","","19","01","","N","01","","Y","","N","","Y","","N","","Oui très claire","Je n'ai pas d'idées","Non","Y","","274.44","28.44","","","","","151.78","","","","","","","","","54.4","","","","","","","","","","39.82","","","",""
"65","2022-04-07 13:37:58","4","fr","2008957828","2022-04-07 13:27:05","2022-04-07 13:37:58","https://run.pavlovia.org/","P020BR","PEARS","LABO","N","OK","05","05","06","07","06","07","07","07","07","07","05","07","07","06","06","05","05","06","06","04","05","05","05","05","05","06","05","07","07","07","07","07","07","07","07","01","","20","01","","N","01","","Y","En cours de neuropsychologie clinique","N","","Y","","N","","Assez mais il y a avait souvent beaucoup de texte, ce qui rendait difficile l'assimilation de consignes. ","Les personnes souffrant d'aphantasie auront tendance à ne pas réussir à imaginer les images mentales demandées","Le fait de ne pas toujours savoir si les lignes étaient mélangées ou non. Ainsi que la confusion entre les touches","Y","","654.11","43","","","","","300.15","","","","","","","","","112.11","","","","","","","","","","198.85","","","",""
"66","2022-04-07 14:09:00","4","fr","","2022-04-07 14:02:00","2022-04-07 14:09:00","https://run.pavlovia.org/","P021BR","PEARS","LABO","N","OK","04","04","03","05","05","01","02","04","02","04","01","01","02","02","02","05","05","05","05","04","04","04","04","03","03","02","01","01","01","01","04","04","03","04","03","01","","20","01","","N","02","","N","","N","","Y","","N","","Oui","Non","Non","N","","400.48","41.24","","","","","252.62","","","","","","","","","64.09","","","","","","","","","","42.53","","","",""
"67","2022-04-07 14:38:32","4","fr","1050382367","2022-04-07 14:35:59","2022-04-07 14:38:32","https://run.pavlovia.org/","P022BR","PEARS","LABO","Y","","","","","","","","","","","","","","","","","","","","","","","","","","","","","","","","","","","","","","","","","","","","","","","","","","","","","Oui, les consignes étaient claires.","On ne voit pas la même couleur saillante selon notre oeil dominant et selon la couleur que l'on s'est imaginée avant. ","Le fait que les yeux se fatiguent au bout d'un certain temps.","Y","","154.72","40.88","","","","","","","","","","","","","","","","","","","","","","","","113.84","","","",""
"68","2022-04-07 15:20:50","4","fr","1169733188","2022-04-07 15:13:41","2022-04-07 15:20:50","https://run.pavlovia.org/","P023BR","PEARS","LABO","N","OK","06","07","07","07","05","06","06","06","04","06","06","06","07","07","05","06","04","05","06","05","05","05","06","04","05","04","04","04","05","05","06","07","05","06","07","01","","20","01","","N","01","","N","","N","","Y","","N","","OUI","Que les personnes avec une aphantasie visuelle n'arrive pas à se représenter les lignes C et R et donc ne voient pas de couleur dominante ?","Oubli de la lettre parfois","Y","","429.45","46.23","","","","","187.14","","","","","","","","","75.93","","","","","","","","","","120.15","","","",""
"69","2022-04-08 06:58:19","4","fr","798469462","2022-04-08 06:50:59","2022-04-08 06:58:19","","S036","KAY","","N","OK","07","07","05","06","05","06","07","05","06","04","04","06","06","07","06","07","06","05","06","05","04","05","04","05","06","07","06","06","06","05","07","06","05","07","06","01","","21","01","","N","03","légé strabisme","N","","N","","Y","","Y","","très","non","non","Y","","440.49","11.8","","","","","281.92","","","","","","","","","99.53","","","","","","","","","","47.24","","","",""
"70","2022-04-08 07:48:53","4","fr","612215866","2022-04-08 07:42:40","2022-04-08 07:48:53","","S037","KAY","","N","OK","07","07","07","07","07","07","07","07","06","07","06","06","06","06","06","06","06","07","07","07","07","07","07","07","07","07","06","06","07","07","06","04","05","05","06","01","","20","01","","N","01","","Y","","N","","Y","","N","","Oui","La capacité de fixation du regard détermine le degré de visualisation dont nous sommes capable","","Y","","372.74","34.56","","","","","179.87","","","","","","","","","64.28","","","","","","","","","","94.03","","","",""
"71","2022-04-08 10:52:53","4","fr","1979500117","2022-04-08 10:46:22","2022-04-08 10:52:53","","S038","KAY","","N","OK","05","05","04","06","07","05","06","06","03","05","06","04","05","06","02","05","03","06","03","02","05","06","04","04","06","06","04","03","06","06","05","06","05","04","06","01","","19","01","","N","02","","Y","","N","","Y","","N","","OUI","non","non","Y","","392.92","13.75","","","","","244.52","","","","","","","","","88.01","","","","","","","","","","46.64","","","",""
"72","2022-04-08 12:46:24","4","fr","274567612","2022-04-08 12:36:20","2022-04-08 12:46:24","","S039","KAY","","N","OK","05","05","04","06","04","03","03","04","05","05","05","05","05","06","05","05","06","07","06","06","03","04","04","03","06","05","04","05","05","06","03","05","05","05","05","01","","20 ","01","","N","01","","N","","N","","Y","","Y","","oui","Oui. La dilatation de la pupille change en fonction de ce qu'on imagine (degré d'éclairement)","Non","Y","","605.64","18.42","","","","","331.25","","","","","","","","","93.07","","","","","","","","","","162.9","","","",""
"73","2022-04-08 13:45:11","4","fr","1753469970","2022-04-08 13:39:14","2022-04-08 13:45:11","","S040","KAY","","N","OK","07","04","06","07","07","02","06","06","02","04","07","07","07","07","06","06","07","05","06","05","07","07","06","06","07","07","07","07","07","06","07","07","07","07","06","01","","21","01","","N","02","","N","","","","Y","","Y","","oui très claire","c'est peut etre par rapport au fait qu'on puisse s'imaginer (ou non) des images, en fonction de la couleur, de la forme, de la position ?","non","N","","358.31","28.15","","","","","147.09","","","","","","","","","88.41","","","","","","","","","","94.66","","","",""
"74","2022-04-09 17:09:54","4","fr","1333966575","2022-04-09 17:03:55","2022-04-09 17:09:54","https://run.pavlovia.org/","PWQDD01BR","PEARS","OL","N","OK","07","06","07","05","06","07","07","07","07","07","05","06","06","07","06","05","06","05","05","07","05","05","05","05","07","04","05","05","05","05","05","05","04","05","04","01","","31","02","","N","01","","N","","N","","Y","","N","","OUI","supposer une éventuelle influence des évènements extérieurs sur notre perceptions et notre capacité d'abstraction ","j'ai eu le sentiment qu'on essayait de faire correspondre le bleu avec un son aigu et le rouge avec un son grave afin que par la suite je me concentre davantage sur le son que sur la couleur ","Y","","360.22","36.21","","","","","145.61","","","","","","","","","62.33","","","","","","","","","","116.07","","","",""
"75","2022-04-11 08:52:14","4","fr","1198891752","2022-04-11 08:40:57","2022-04-11 08:52:14","","S041","KAY","","N","OK","06","06","06","05","05","07","05","07","06","05","06","04","05","06","06","06","07","06","05","06","01","02","03","01","03","05","04","03","06","05","04","03","01","03","01","01","","19","02","","N","01","","Y","Vidéo de vulgarisation scientifique sur Youtube","N","","Y","","N","","Oui, très claire","Lors d'une visualisation d'une objet de manière mentale; la suggestion des contours aideraient à mieux former l'image mentalement.","","Y","naomi.azu@protonmail.com","678.48","45.67","","","","","338.06","","","","","","","","","115.56","","","","","","","","","","179.19","","","",""
"76","2022-04-11 09:38:43","4","fr","2111114750","2022-04-11 09:30:07","2022-04-11 09:38:43","","S042","KAY","","N","OK","04","04","03","02","04","05","02","02","01","04","02","04","01","04","04","03","01","03","04","03","05","02","02","01","01","03","01","02","03","01","05","05","03","06","04","01","","21","01","","N","01","","N","","N","","Y","","N","","oui","non","non ","Y","","517.33","14.55","","","","","362.29","","","","","","","","","75.28","","","","","","","","","","65.21","","","",""
"77","2022-04-11 10:59:35","4","fr","1090898135","2022-04-11 10:49:45","2022-04-11 10:59:35","","S043","KAY","","N","OK","06","06","05","06","05","04","05","06","02","05","06","06","03","05","02","04","03","06","07","06","05","06","01","03","06","01","05","06","05","06","07","06","06","06","04","01","","21","01","","N","01","","Y","","Y","","Y","","Y","","OUI","","J'étais pas en forme","Y","","592.06","11.76","","","","","345.7","","","","","","","","","117.76","","","","","","","","","","116.84","","","",""
"78","2022-04-11 12:42:53","4","fr","179397146","2022-04-11 12:36:27","2022-04-11 12:42:53","","S044","KAY","","N","OK","06","07","03","07","05","04","04","04","04","04","06","06","03","03","04","04","04","04","04","06","06","04","04","04","04","04","04","04","04","04","07","04","04","07","04","01","","21","01","","N","02","","N","","Y","","Y","","N","","OUI","OUI comment on se represente les choses et la facon dont on les imagine ","non","Y","","388.02","18.07","","","","","219.71","","","","","","","","","68.49","","","","","","","","","","81.75","","","",""
"79","2022-04-11 13:48:23","4","fr","289711754","2022-04-11 13:37:20","2022-04-11 13:48:23","","S045","KAY","","N","OK","01","01","01","01","01","02","02","02","02","02","05","05","05","05","05","04","03","04","04","03","04","04","04","04","04","03","05","05","04","04","07","05","05","06","05","01","","19","01","","N","01","","N","","N","","Y","","Y","","oui","chaque individu imagine différemment les images","images rémanentes","Y","","664.96","11.66","","","","","457.2","","","","","","","","","132.82","","","","","","","","","","63.28","","","",""
"80","2022-04-11 15:42:46","4","fr","1532460964","2022-04-11 15:36:17","2022-04-11 15:42:46","","S046","KAY","","N","OK","07","06","06","07","07","05","07","06","07","07","06","06","07","06","06","06","05","07","07","05","06","06","05","05","06","06","07","05","07","04","07","07","05","07","07","01","","19","01","","N","01","","N","","N","","Y","","N","","OUI","non","non","Y","","389.98","12.93","","","","","259.38","","","","","","","","","78.38","","","","","","","","","","39.29","","","",""
"81","2022-04-12 07:43:26","4","fr","665297008","2022-04-12 07:34:24","2022-04-12 07:43:26","","S047","KAY","","N","OK","05","05","04","05","05","05","05","05","05","05","04","05","04","05","05","06","04","05","06","06","06","06","06","06","06","06","05","04","06","05","06","06","06","06","06","01","","21","01","","N","01","","N","","N","","Y","","N","","oui très claire","","après la première phase, le fait de avoir si je visualise mieux telle ou telle couleur","Y","","542.45","18.94","","","","","279.06","","","","","","","","","122.94","","","","","","","","","","121.51","","","",""
"82","2022-04-12 08:53:55","4","fr","2007173498","2022-04-12 08:43:40","2022-04-12 08:53:55","","S048","KAY","","N","OK","06","06","07","07","06","06","04","06","07","06","03","06","04","04","03","04","04","05","06","04","06","05","05","03","05","05","05","06","06","04","05","06","04","07","06","01","","23","01","","N","02","","N","","N","","Y","","Y","","Oui","non","non","Y","","616.82","20.43","","","","","323.36","","","","","","","","","195.06","","","","","","","","","","77.97","","","",""
"83","2022-04-12 09:52:44","4","fr","1025130114","2022-04-12 09:38:09","2022-04-12 09:52:44","","S049","KAY","","N","OK","06","06","05","07","07","04","03","05","03","06","06","05","06","06","05","04","03","05","05","03","04","03","04","05","06","05","02","03","06","04","05","06","04","04","06","01","","18","01","","N","02","","Y","DANS UN COURS DE QUESTIONS ACTUELLES DE PSYCHOLOGIE COGNITIVE MAIS TRèS TRèS BRIèVEMENT QUASIMEment que de nom","N","","Y","","N","","oui","non ","pour la deuxième partie (IF) avoir demander si une orientation ou une couleur posait plus de difficulté m'a influencée, plus d'apriori de moins réussir si j'avais identifier avoir eu plus de difficulté ","N","","876.27","13.4","","","","","352.15","","","","","","","","","231.18","","","","","","","","","","279.54","","","",""
"84","2022-04-12 10:52:49","4","fr","1227800989","2022-04-12 10:38:26","2022-04-12 10:52:49","","S050","KAY","","N","OK","02","03","04","02","02","05","06","06","04","06","02","01","02","03","01","06","05","05","05","04","05","04","03","03","05","02","01","02","03","01","06","06","03","06","05","01","","19","01","","N","01","","N","","Y","","Y","","Y","Maintenant je pense plus en terme de voix qui me decrit les evenements alors que avant je voyais plus les images d'une situation ","oui","oui les personnes aphantasiques seront plus mauvaises a l'imagination des formes et couleurs ","oui les images rémanentes. SACHANT QUE JE SAVAIS QUE JE DEVAIS VOIR DE LA COULEUR JE PENSAIS EN VOIR SANS VRAIMENT EN VOIR ","Y","","864.37","69.28","","","","","341.2","","","","","","","","","236.43","","","","","","","","","","217.46","","","",""
"85","","1","fr","1973044350","2022-04-12 12:38:37","2022-04-12 12:38:51",""," ","MATHO","","N","","","","","","","","","","","","","","","","","","","","","","","","","","","","","","","","","","","","","","","","","","","","","","","","","","","","","","","","","","14.69","14.69","","","","","","","","","","","","","","","","","","","","","","","","","","","",""
"86","2022-04-12 13:46:23","4","fr","589500051","2022-04-12 13:36:31","2022-04-12 13:46:23","","S051","KAY","","N","OK","05","04","02","05","06","05","03","04","02","06","04","05","05","05","03","05","03","06","05","04","04","05","01","01","04","04","03","03","05","01","04","05","03","06","03","01","","21","01","","N","02","","Y","Dans le cadre de mes études, mais je ne me souviens pas vraiment de la définition","N","","Y","","Y","Avant je me souvenais plus clairement de mes pensées, maintenant beaucoup moins","Oui","Non","L'image rémanente au début","Y","","593.02","15.43","","","","","336.16","","","","","","","","","201.01","","","","","","","","","","40.42","","","",""
"87","2022-04-12 14:51:43","4","fr","485567449","2022-04-12 14:43:12","2022-04-12 14:51:43","","S052","KAY","","N","OK","05","06","06","06","04","04","06","06","05","06","05","06","06","06","04","06","05","06","05","06","06","06","02","05","06","06","06","04","04","06","06","05","04","04","07","01","","19","01","","N","01","","N","","N","","Y","","Y","","oui très claire","la représentation mentale d'une forme géométrique avec des temps d'attente ou l'image de ""neige"" et également en fonction de la couleur de la forme.","","Y","","512.32","31.69","","","","","275.83","","","","","","","","","105.92","","","","","","","","","","98.88","","","",""
"88","2022-04-13 07:51:23","4","fr","1787417824","2022-04-13 07:44:15","2022-04-13 07:51:23","","S053","KAY","","N","OK","01","06","01","03","02","03","04","05","01","02","01","04","02","01","02","02","02","04","03","02","01","01","01","01","01","02","02","03","02","01","04","02","03","04","02","01","","19","01","","N","02","","N","","N","","NOSUR","","Y","","OUI","non","non","Y","","429.58","13.69","","","","","268.36","","","","","","","","","89.44","","","","","","","","","","58.09","","","",""
"89","","1","fr","480712054","2022-04-13 08:43:26","2022-04-13 08:43:34","","nope","MATHO","","N","","","","","","","","","","","","","","","","","","","","","","","","","","","","","","","","","","","","","","","","","","","","","","","","","","","","","","","","","","8.88","8.88","","","","","","","","","","","","","","","","","","","","","","","","","","","",""
"90","2022-04-13 10:55:19","4","fr","1349600187","2022-04-13 10:44:32","2022-04-13 10:55:19","","S054","KAY","","N","OK","06","04","03","06","07","06","05","04","02","06","06","06","03","06","07","05","03","07","05","04","07","06","06","06","06","05","03","04","06","02","07","06","06","07","06","02","","21","01","","N","01","","Y","DANS UN INTERVIEW ","N","","Y","","Y","J'ai plus de vivacité dans mes pensées, reveries éveillées dans des periodes de stress.","Oui","D'etudier l'imagerie visuelle et du fonctionnement des yeux pendant l'imagerie visuelle ","Non","Y","","647.61","18.55","","","","","380.86","","","","","","","","","189.19","","","","","","","","","","59.01","","","",""
"91","2022-04-13 12:48:28","4","fr","1146188842","2022-04-13 12:40:35","2022-04-13 12:48:28","","S055","KAY","","N","OK","04","05","05","06","05","03","03","05","05","06","03","03","05","05","03","07","07","07","07","07","03","03","05","04","04","05","04","04","05","03","05","05","04","04","03","01","","20","01","","N","01","","Y","Une amie à la fac m'a parlé du fait qu'a certains moment elle n'arrivait pas à imaginer certaine chose mentale","N","","Y","","N","","oui","non","non","Y","","474.65","10.22","","","","","272.27","","","","","","","","","143.73","","","","","","","","","","48.43","","","",""
"92","2022-04-13 14:10:18","4","fr","968047345","2022-04-13 14:02:13","2022-04-13 14:10:18","https://enquetes-screen.msh-alpes.fr/index.php/793126","S056","KAY","","N","OK","06","05","03","07","05","05","05","06","02","07","05","06","07","06","04","05","04","05","06","05","03","04","04","05","05","05","06","05","06","05","06","06","05","06","04","03","arabe","20","01","","N","01","","N","","N","","Y","","Y","","oui","non","non","Y","","484.84","11.05","","","","","318.82","","","","","","","","","112.62","","","","","","","","","","42.35","","","",""
"93","2022-04-13 14:54:26","4","fr","1529288511","2022-04-13 14:47:29","2022-04-13 14:54:26","","S057","KAY","","N","OK","07","07","05","07","03","02","07","07","05","07","07","04","03","07","07","07","06","06","07","03","07","03","06","03","07","03","03","06","05","03","07","07","07","07","06","01","","19","01","","N","01","","N","","N","","Y","","N","","oui","non","non","Y","","417.8","22.25","","","","","277.79","","","","","","","","","82.63","","","","","","","","","","35.13","","","",""
"94","2022-04-13 16:03:44","4","fr","1358801908","2022-04-13 15:42:00","2022-04-13 16:03:44","","S058","KAY","","N","OK","05","04","04","05","04","03","03","07","03","07","05","06","05","07","07","07","04","02","06","07","05","06","05","03","04","05","03","05","06","04","07","06","07","07","05","01","Français et anglais ","23","01","","N","01","","N","","Y","Image présente mais souvent sans détails, juste la forme et parfois les couleurs","FORGT","","Y","Suite une traitement pour crise d’épilepsie enfantine, difficulté à imaginer ou visualiser des images post prise de médicament. C'est encore le cas 10 ans après avoir arrêter les crises et les médicaments (8ans)","Oui ","Non","Le nuage de neige. Il attirer le regard donc faisait bouger du centre de l'écran et affecté la manière d'imaginer le triangle par la suite ","Y","","1306.08","20.2","","","","","262.05","","","","","","","","","668.88","","","","","","","","","","354.95","","","",""

